StartDate,EndDate,Status,IPAddress,Progress,Duration (in seconds),Finished,RecordedDate,ResponseId,RecipientLastName,RecipientFirstName,RecipientEmail,ExternalReference,LocationLatitude,LocationLongitude,DistributionChannel,UserLanguage,Q9,Q6_1,Q6_2,Q6_3,Q6_4,Q6_5,Q6_6,Q6_7,Q6_8,Q6_9,Q6_10,Q5_1,Q5_2,Q5_3,Q2_1,Q2_2,Q2_3,Q2_4,Q2_5,Q2_6,Q2_7,Q2_8,Q8_1,Q8_2,Q8_3,Q8_4,Q8_5,Q8_6,Q8_7,Q8_8,Q8_9,Q8_10,Q6
Start Date,End Date,Response Type,IP Address,Progress,Duration (in seconds),Finished,Recorded Date,Response ID,Recipient Last Name,Recipient First Name,Recipient Email,External Data Reference,Location Latitude,Location Longitude,Distribution Channel,User Language,Please enter your received code here:,"Here are a number of personality traits that may or may not apply to you. Please indicate the extent to which you agree or disagree with each statement. You should rate the extent to which the pair of traits applies to you, even if one characteristic applies more strongly than the other. - Extraverted, enthusiastic","Here are a number of personality traits that may or may not apply to you. Please indicate the extent to which you agree or disagree with each statement. You should rate the extent to which the pair of traits applies to you, even if one characteristic applies more strongly than the other. - Critical, quarrelsome","Here are a number of personality traits that may or may not apply to you. Please indicate the extent to which you agree or disagree with each statement. You should rate the extent to which the pair of traits applies to you, even if one characteristic applies more strongly than the other. - Dependable, self-disciplined","Here are a number of personality traits that may or may not apply to you. Please indicate the extent to which you agree or disagree with each statement. You should rate the extent to which the pair of traits applies to you, even if one characteristic applies more strongly than the other. - Anxious, easily upset","Here are a number of personality traits that may or may not apply to you. Please indicate the extent to which you agree or disagree with each statement. You should rate the extent to which the pair of traits applies to you, even if one characteristic applies more strongly than the other. - Open to new experiences, complex","Here are a number of personality traits that may or may not apply to you. Please indicate the extent to which you agree or disagree with each statement. You should rate the extent to which the pair of traits applies to you, even if one characteristic applies more strongly than the other. - Reserved, quiet","Here are a number of personality traits that may or may not apply to you. Please indicate the extent to which you agree or disagree with each statement. You should rate the extent to which the pair of traits applies to you, even if one characteristic applies more strongly than the other. - Sympathetic, warm","Here are a number of personality traits that may or may not apply to you. Please indicate the extent to which you agree or disagree with each statement. You should rate the extent to which the pair of traits applies to you, even if one characteristic applies more strongly than the other. - Disorganized, careless","Here are a number of personality traits that may or may not apply to you. Please indicate the extent to which you agree or disagree with each statement. You should rate the extent to which the pair of traits applies to you, even if one characteristic applies more strongly than the other. - Calm, emotionally stable","Here are a number of personality traits that may or may not apply to you. Please indicate the extent to which you agree or disagree with each statement. You should rate the extent to which the pair of traits applies to you, even if one characteristic applies more strongly than the other. - Conventional, uncreative",Please check how much the following problems have bothered you during the past week. - Fear of embarrassment causes me to avoid doing things or speaking to people,Please check how much the following problems have bothered you during the past week. - I avoid activities in which I am the center of attention,Please check how much the following problems have bothered you during the past week. - Being embarrassed or looking stupid are my worst fears,In my relationships with others... - I can get people to listen to what I say,In my relationships with others... - My wishes donâ€™t carry much weight,In my relationships with others... - I can get others to do what I want,"In my relationships with others... - Even if I voice them, my views have little sway",In my relationships with others... - I think I have a great deal of power,In my relationships with others... - My ideas and opinions are often ignored,"In my relationships with others... - Even when I try, I am not able to get my way","In my relationships with others... - If I want to, I get to make the decisions",Please indicate the extent to which the following statements apply to you. - I can always manage to solve difficult problems if I try hard enough,"Please indicate the extent to which the following statements apply to you. - If someone opposes me, I can find the means and ways to get what I want",Please indicate the extent to which the following statements apply to you. - It is easy for me to stick to my aims and accomplish my goals,Please indicate the extent to which the following statements apply to you. - I am confident that I could deal efficiently with unexpected events,"Please indicate the extent to which the following statements apply to you. - Thanks to my resourcefulness, I know how to handle unforeseen situations",Please indicate the extent to which the following statements apply to you. - I can solve most problems if I invest the necessary effort,Please indicate the extent to which the following statements apply to you. - I can remain calm when facing difficulties because I can rely on my coping abilities,"Please indicate the extent to which the following statements apply to you. - When I am confronted with a problem, I can usually find several solutions","Please indicate the extent to which the following statements apply to you. - If I am in trouble, I can usually think of a solution",Please indicate the extent to which the following statements apply to you. - I can usually handle whatever comes my way,I am...
"{""ImportId"":""startDate"",""timeZone"":""America/Denver""}","{""ImportId"":""endDate"",""timeZone"":""America/Denver""}","{""ImportId"":""status""}","{""ImportId"":""ipAddress""}","{""ImportId"":""progress""}","{""ImportId"":""duration""}","{""ImportId"":""finished""}","{""ImportId"":""recordedDate"",""timeZone"":""America/Denver""}","{""ImportId"":""_recordId""}","{""ImportId"":""recipientLastName""}","{""ImportId"":""recipientFirstName""}","{""ImportId"":""recipientEmail""}","{""ImportId"":""externalDataReference""}","{""ImportId"":""locationLatitude""}","{""ImportId"":""locationLongitude""}","{""ImportId"":""distributionChannel""}","{""ImportId"":""userLanguage""}","{""ImportId"":""QID9_TEXT""}","{""ImportId"":""QID6_1""}","{""ImportId"":""QID6_2""}","{""ImportId"":""QID6_3""}","{""ImportId"":""QID6_4""}","{""ImportId"":""QID6_5""}","{""ImportId"":""QID6_6""}","{""ImportId"":""QID6_7""}","{""ImportId"":""QID6_8""}","{""ImportId"":""QID6_9""}","{""ImportId"":""QID6_10""}","{""ImportId"":""QID5_1""}","{""ImportId"":""QID5_2""}","{""ImportId"":""QID5_3""}","{""ImportId"":""QID2_1""}","{""ImportId"":""QID2_2""}","{""ImportId"":""QID2_3""}","{""ImportId"":""QID2_4""}","{""ImportId"":""QID2_5""}","{""ImportId"":""QID2_6""}","{""ImportId"":""QID2_7""}","{""ImportId"":""QID2_8""}","{""ImportId"":""QID8_1""}","{""ImportId"":""QID8_2""}","{""ImportId"":""QID8_3""}","{""ImportId"":""QID8_4""}","{""ImportId"":""QID8_5""}","{""ImportId"":""QID8_6""}","{""ImportId"":""QID8_7""}","{""ImportId"":""QID8_8""}","{""ImportId"":""QID8_9""}","{""ImportId"":""QID8_10""}","{""ImportId"":""QID10""}"
2020-11-05 07:26:41,2020-11-05 07:27:04,1,,100,22,1,2020-11-05 07:27:05,R_zegySbrzNMj3ny1,,,,,47.36669921875,8.5500030517578125,preview,EN,,,,,,,,,,,,,,,,,,,,,,,,,,,,,,,,,
2020-11-05 07:27:12,2020-11-05 07:27:28,1,,100,15,1,2020-11-05 07:27:29,R_BX8wP9rKQrTt7tD,,,,,47.36669921875,8.5500030517578125,preview,EN,,,,,,,,,,,,,,,,,,,,,,,,,,,,,,,,,
2020-11-05 07:35:57,2020-11-05 07:36:28,1,,100,31,1,2020-11-05 07:36:29,R_3F50RtNG3biGOFM,,,,,47.36669921875,8.5500030517578125,preview,EN,,,,,,,,,,,,,,,,,,,,,,,,,,,,,,,,,
2020-11-05 07:37:41,2020-11-05 07:37:48,1,,100,6,1,2020-11-05 07:37:48,R_2PdS1c8gUESjkAR,,,,,47.36669921875,8.5500030517578125,preview,EN,,,,,,,,,,,,,,,,,,,,,,,,,,,,,,,,,
2020-11-05 07:51:07,2020-11-05 07:51:28,1,,100,21,1,2020-11-05 07:51:29,R_tDNXBqGPuBinVAd,,,,,47.36669921875,8.5500030517578125,preview,EN,,,,,,,,,,,,,,,,,,,,,,,,,,,,,,,,,
2020-11-05 07:52:01,2020-11-05 07:52:01,1,,100,0,1,2020-11-05 07:52:02,R_VR9sWsrqdgRo3rb,,,,,47.36669921875,8.5500030517578125,preview,EN,,,,,,,,,,,,,,,,,,,,,,,,,,,,,,,,,
2020-11-05 07:54:02,2020-11-05 07:54:19,1,,100,16,1,2020-11-05 07:54:19,R_31tthDWMipKHRsD,,,,,47.36669921875,8.5500030517578125,preview,EN,,,,,,,,,,,,,,,,,,,,,,,,,,,,,,,,,
2020-11-05 07:55:14,2020-11-05 07:55:25,1,,100,11,1,2020-11-05 07:55:26,R_3rV7g6F8gWxEpQv,,,,,47.36669921875,8.5500030517578125,preview,EN,,,,,,,,,,,,,,,,,,,,,,,,,,,,,,,,,
2020-11-05 08:00:50,2020-11-05 08:00:58,1,,100,7,1,2020-11-05 08:00:58,R_2Ys8DELVkcT19IR,,,,,47.36669921875,8.5500030517578125,preview,EN,,,,,,,,,,,,,,,,,,,,,,,,,,,,,,,,,
2020-11-05 08:03:26,2020-11-05 08:03:26,1,,100,0,1,2020-11-05 08:03:28,R_V2sBb1SwDsRE3xn,,,,,47.36669921875,8.5500030517578125,preview,EN,,,,,,,,,,,,,,,,,,,,,,,,,,,,,,,,,
2020-11-05 08:09:20,2020-11-05 08:09:29,1,,100,8,1,2020-11-05 08:09:30,R_2E9QPCTXaQml0sT,,,,,47.36669921875,8.5500030517578125,preview,EN,,,,,,,,,,,,,,,,,,,,,,,,,,,,,,,,,
2020-11-05 08:14:47,2020-11-05 08:14:57,1,,100,10,1,2020-11-05 08:14:58,R_BQXaamvtBtUBQ4N,,,,,47.36669921875,8.5500030517578125,preview,EN,,,,,,,,,,,,,,,,,,,,,,,,,,,,,,,,,
2020-11-05 08:38:00,2020-11-05 08:38:48,1,,100,47,1,2020-11-05 08:38:49,R_3syqIoFnnZ2jZRI,,,,,47.36669921875,8.5500030517578125,preview,EN,,,,,,,,,,,,,,,,,,,,,,,,,,,,,,,,,
2020-11-10 13:05:36,2020-11-10 13:05:53,1,,100,16,1,2020-11-10 13:05:54,R_1gc0xBnDskMIVUH,,,,,47.36669921875,8.5500030517578125,preview,EN,,,,,,,,,,,,,,,,,,,,,,,,,,,,,,,,,
2020-11-20 07:37:26,2020-11-20 07:40:39,1,,100,193,1,2020-11-20 07:40:40,R_2AYUrB1k9JRG6sH,,,,,47.36669921875,8.5500030517578125,preview,EN,12345678,2,2,2,3,3,3,3,4,3,4,2,2,2,4,4,4,5,5,5,5,5,3,3,2,2,2,2,3,4,4,1,3
2020-11-30 06:59:35,2020-11-30 07:04:47,0,185.39.93.74,100,312,1,2020-11-30 07:04:48,R_3Cv7zH6AAgy50Pv,,,,,47.36669921875,8.5500030517578125,anonymous,EN,ggl5qog8,5,6,6,6,6,5,6,7,2,1,5,5,4,6,7,7,3,5,2,2,5,4,3,2,4,4,4,3,4,3,3,2
2020-11-30 07:05:45,2020-11-30 07:32:13,0,188.61.177.11,100,1587,1,2020-11-30 07:32:13,R_ABOWJsxG4HwQuwV,,,,,47.36669921875,8.5500030517578125,anonymous,EN,3eqimxfj,2,5,7,2,7,7,7,3,6,1,2,5,1,5,2,3,2,4,3,1,6,4,3,4,4,4,4,2,4,4,4,2
2020-12-01 09:56:10,2020-12-01 10:06:00,0,178.83.158.234,100,590,1,2020-12-01 10:06:00,R_2THtYhHLiNjVmP7,,,,,47.36669921875,8.5500030517578125,anonymous,EN,6plu6ynz,6,5,5,3,6,2,6,4,6,5,3,3,2,6,3,7,2,1,2,2,6,3,3,2,4,3,4,3,3,3,3,2
2020-12-02 05:39:55,2020-12-02 05:43:37,0,82.192.250.107,100,221,1,2020-12-02 05:43:37,R_1oEVcckEwF67MsD,,,,,47.355194091796875,8.621307373046875,anonymous,EN,o4vn52q3,6,6,3,5,7,5,6,6,7,1,1,1,1,7,3,6,2,3,2,2,6,4,3,3,3,3,4,3,3,3,2,1
2020-12-02 09:28:37,2020-12-02 09:46:31,0,212.51.128.34,100,1073,1,2020-12-02 09:46:31,R_2sbFPyAw8E9boPw,,,,,47.36669921875,8.5500030517578125,anonymous,EN,8sskcgdq,7,2,3,6,7,2,7,5,3,5,2,3,3,6,2,4,2,4,2,3,5,2,2,3,3,3,3,2,3,2,2,2
2020-12-02 10:24:33,2020-12-02 10:32:16,0,178.197.225.51,100,463,1,2020-12-02 10:32:17,R_31n46ELcbECmaSs,,,,,47.36669921875,8.5500030517578125,anonymous,EN,xo7qinyt,6,6,7,5,7,5,6,2,3,1,2,3,2,7,2,7,2,6,2,1,7,3,2,3,3,4,4,3,4,4,3,2
2020-11-26 05:32:16,2020-11-26 06:11:23,0,188.154.29.124,13,2346,0,2020-12-03 06:11:28,R_AMoiIAmSkVCFFV7,,,,,,,anonymous,EN,,,,,,,,,,,,,,,,,,,,,,,,,,,,,,,,,
2020-11-30 06:27:52,2020-11-30 06:27:55,0,84.226.102.175,13,3,0,2020-12-07 06:28:12,R_3CTVk7nausRkjeS,,,,,,,anonymous,EN,,,,,,,,,,,,,,,,,,,,,,,,,,,,,,,,,
2020-12-07 10:58:42,2020-12-07 11:03:45,0,46.253.188.12,100,303,1,2020-12-07 11:03:45,R_338XPRkRqr530wv,,,,,47.36669921875,8.5500030517578125,anonymous,EN,a7wabhpe,6,5,6,4,5,5,4,2,4,2,2,3,2,5,3,4,4,2,4,2,6,3,3,4,3,2,4,3,3,3,3,2
2020-12-09 07:02:36,2020-12-09 07:06:49,0,217.22.138.96,100,253,1,2020-12-09 07:06:50,R_3QMCpVJbl2exDkc,,,,,47.36669921875,8.5500030517578125,anonymous,EN,dui458rh,3,6,5,2,7,6,7,1,5,2,3,3,2,6,2,5,2,4,2,1,4,3,3,4,3,3,3,4,3,3,3,2
2020-12-09 07:23:00,2020-12-09 07:26:02,0,194.230.159.146,100,181,1,2020-12-09 07:26:02,R_1M5na6zN3xKUF7g,,,,,47.3675994873046875,8.636199951171875,anonymous,EN,198s8ebk,5,4,6,1,7,5,6,1,6,5,2,2,2,6,1,5,1,6,1,1,7,4,4,3,3,3,4,3,3,3,3,2
2020-12-09 09:12:33,2020-12-09 09:27:13,0,82.192.250.107,100,879,1,2020-12-09 09:27:13,R_1mOdK0CWshu9341,,,,,47.355194091796875,8.621307373046875,anonymous,EN,azm2ppbb,7,2,5,6,6,2,7,1,5,1,1,1,1,7,6,6,2,6,2,2,7,4,3,1,3,4,4,4,4,4,4,1
2020-12-13 09:00:17,2020-12-13 09:03:46,0,46.126.64.31,100,208,1,2020-12-13 09:03:46,R_1eFUWVCvrcODUBN,,,,,47.3860931396484375,8.692596435546875,anonymous,EN,us6spsya,6,6,7,5,7,4,7,2,5,2,3,2,1,6,3,5,3,5,4,2,6,3,3,3,3,3,3,3,4,3,3,2
2020-12-21 05:21:32,2020-12-21 05:24:25,0,87.239.205.118,100,173,1,2020-12-21 05:24:25,R_sbfgq6KsuVdr1W9,,,,,47.36669921875,8.5500030517578125,anonymous,EN,zup5ngwv,5,2,4,3,5,5,5,3,6,4,3,2,3,5,2,5,2,2,4,2,3,3,3,3,3,3,4,4,4,4,4,2
2020-12-21 15:30:20,2020-12-21 15:37:09,0,109.164.224.81,100,408,1,2020-12-21 15:37:09,R_2VfI6i0jbw8GVuM,,,,,47.3538970947265625,7.9062042236328125,anonymous,EN,hs1mqw7f,3,5,5,4,5,5,5,5,4,3,3,3,3,4,3,5,4,5,5,4,4,3,1,1,2,2,2,2,3,2,1,2
2020-12-23 11:07:50,2020-12-23 11:13:45,0,77.59.133.88,100,355,1,2020-12-23 11:13:46,R_1oiJ6iIqnrELNV7,,,,,47.36669921875,8.5500030517578125,anonymous,EN,l399eiav,7,2,4,5,7,1,7,1,2,1,1,1,1,6,1,4,4,2,4,4,7,4,3,3,4,3,3,2,4,4,3,2
2021-01-08 02:07:10,2021-01-08 02:09:56,0,195.176.113.218,100,166,1,2021-01-08 02:09:57,R_1F3zsEnGAcYmTFj,,,,,47.36669921875,8.5500030517578125,anonymous,EN,do5tmhp8,3,6,7,3,4,5,4,2,5,4,2,2,4,6,4,5,2,5,2,2,5,4,3,3,3,3,3,3,2,3,3,2
2021-01-14 09:48:57,2021-01-14 09:52:57,0,89.206.64.14,100,240,1,2021-01-14 09:52:57,R_1MLCslvZ1kmguLZ,,,,,47.36669921875,8.5500030517578125,anonymous,EN,x6v6g1mo,7,5,3,1,7,2,7,6,6,2,1,3,2,7,3,6,1,5,2,1,6,3,3,2,4,3,3,4,3,4,3,2
2021-01-13 14:34:04,2021-01-13 14:34:21,0,188.155.33.244,25,17,0,2021-01-20 14:34:55,R_2R37eTyrTrLMJ2L,,,,,,,anonymous,EN,x6v6g1mo,,,,,,,,,,,,,,,,,,,,,,,,,,,,,,,,
2021-01-21 11:34:49,2021-01-21 11:37:11,0,213.55.241.92,100,141,1,2021-01-21 11:37:11,R_268ysLxjFRasROR,,,,,47.36669921875,8.5500030517578125,anonymous,EN,f3vz3c8r,6,3,6,2,6,4,4,2,6,4,2,3,2,5,4,5,3,4,4,4,5,3,3,3,4,3,4,3,3,3,3,2
2021-01-21 14:15:59,2021-01-21 14:28:01,0,92.106.199.219,100,722,1,2021-01-21 14:28:02,R_2WZ57EAV25XB7D3,,,,,47.42340087890625,9.369598388671875,anonymous,EN,1z4fqv74,5,2,6,2,7,5,7,1,5,3,1,1,1,7,2,6,1,6,2,3,4,4,3,3,4,4,3,3,3,4,4,2
2021-01-28 12:10:57,2021-01-28 12:18:25,0,213.55.241.71,100,448,1,2021-01-28 12:18:26,R_1gIt08cJY1Tpage,,,,,47.362396240234375,8.539398193359375,anonymous,EN,nvfgdl1i,3,2,7,6,5,5,6,1,3,3,1,2,3,6,2,6,2,6,2,2,5,3,3,3,3,2,3,2,3,3,3,2
2021-01-21 14:04:41,2021-01-21 14:05:17,0,213.55.225.5,25,35,0,2021-01-28 14:05:18,R_3m2xGy97O8JufGV,,,,,,,anonymous,EN,Xxxxxxxx,,,,,,,,,,,,,,,,,,,,,,,,,,,,,,,,
2021-02-05 04:12:34,2021-02-05 04:15:26,0,213.55.225.210,100,172,1,2021-02-05 04:15:27,R_0GOq5ZkQOfjYN7b,,,,,47.362396240234375,8.539398193359375,anonymous,EN,zy33kksl,3,5,5,5,5,5,3,1,5,5,1,2,1,6,2,5,3,3,3,3,5,3,3,3,3,3,3,2,2,3,3,2
2021-02-09 03:49:50,2021-02-09 03:56:38,0,213.55.226.24,100,408,1,2021-02-09 03:56:38,R_1ddf2v9Dfh8d267,,,,,47.362396240234375,8.539398193359375,anonymous,EN,43tjxipn,6,4,5,3,7,1,6,1,6,1,1,1,1,6,4,3,4,4,1,4,5,3,1,2,3,3,3,3,3,3,3,2
2021-02-05 04:15:37,2021-02-05 04:19:48,0,213.55.225.210,13,251,0,2021-02-12 04:19:50,R_1l5Wq0Seb8dwqH7,,,,,,,anonymous,EN,,,,,,,,,,,,,,,,,,,,,,,,,,,,,,,,,
2021-02-12 04:34:52,2021-02-12 04:39:35,0,31.25.122.204,100,283,1,2021-02-12 04:39:35,R_1pGP2GzUiOGdC9q,,,,,47.414306640625,8.5933074951171875,anonymous,EN,s919isb1,3,3,4,3,5,5,5,3,3,2,3,4,2,3,5,2,1,3,3,2,3,3,2,3,2,2,3,3,3,3,2,2
2021-02-23 08:24:09,2021-02-23 08:32:32,0,212.51.129.186,100,502,1,2021-02-23 08:32:32,R_d4QoL4gVeHG7z3z,,,,,47.362396240234375,8.539398193359375,anonymous,EN,v597oash,7,2,5,2,7,3,6,1,6,1,1,1,2,7,3,5,3,3,4,2,4,4,2,3,4,4,4,4,4,4,4,2
2021-03-01 13:46:05,2021-03-01 13:49:59,0,213.55.241.16,100,233,1,2021-03-01 13:49:59,R_8zSJm0Fdeks0zjb,,,,,47.362396240234375,8.539398193359375,anonymous,EN,t86mtmv2,6,2,6,6,7,6,4,2,4,3,2,3,4,5,1,5,2,3,4,1,7,4,3,3,3,3,4,3,4,4,4,2
2021-03-03 16:06:26,2021-03-03 16:11:00,0,213.55.220.234,100,273,1,2021-03-03 16:11:00,R_3FRuI7BvyBw1CzM,,,,,46.5294036865234375,6.6123046875,anonymous,EN,hld11tl4,1,5,2,5,4,7,6,6,2,2,1,3,2,5,3,4,4,4,2,2,7,2,3,2,1,1,3,1,3,3,1,2
2021-03-12 05:44:43,2021-03-12 05:48:49,0,192.41.132.48,100,245,1,2021-03-12 05:48:49,R_OIFHCQeKWszaH3H,,,,,47.362396240234375,8.539398193359375,anonymous,EN,1e3aoz2m,6,5,5,3,6,4,5,4,5,2,3,2,1,6,2,5,2,4,2,2,5,4,3,3,3,3,4,3,4,3,3,2
2021-03-14 14:54:19,2021-03-14 14:57:50,0,213.55.226.81,100,210,1,2021-03-14 14:57:50,R_xeYDHDFM2wO3Hdn,,,,,47.362396240234375,8.539398193359375,anonymous,EN,bhnli7x8,6,2,6,3,7,3,6,1,6,1,1,3,2,7,4,5,2,4,3,2,5,4,3,3,3,3,3,3,3,3,3,2
2021-03-15 10:41:00,2021-03-15 10:44:38,0,185.110.72.165,100,217,1,2021-03-15 10:44:38,R_AaIpKmLZ59BstZD,,,,,47.362396240234375,8.539398193359375,anonymous,EN,p7av3i71,5,6,3,2,7,4,3,6,5,2,2,1,1,7,7,5,1,7,1,2,6,3,3,3,4,3,4,4,4,4,4,1
2021-03-16 11:20:24,2021-03-16 11:23:03,0,194.191.253.82,100,158,1,2021-03-16 11:23:03,R_1dadYyzJqj6GyPk,,,,,47.362396240234375,8.539398193359375,anonymous,EN,mpuyz1np,6,2,2,6,5,5,5,2,2,4,3,2,4,5,5,5,3,5,2,3,3,3,3,1,4,3,3,3,2,4,4,2
2021-03-16 11:37:42,2021-03-16 11:42:13,0,31.10.137.240,100,271,1,2021-03-16 11:42:14,R_1mkNXJqxDTP0uI7,,,,,47.0178985595703125,8.306396484375,anonymous,EN,w5ow9t7z,5,5,6,3,7,2,6,1,6,1,1,1,1,6,2,6,2,6,2,3,6,3,3,3,3,3,3,3,3,3,3,1
2021-03-16 12:31:33,2021-03-16 12:36:03,0,194.230.155.152,100,270,1,2021-03-16 12:36:04,R_QmleNxAq39gAUtb,,,,,47.362396240234375,8.539398193359375,anonymous,EN,ko5v9h3x,5,3,6,4,6,5,6,3,5,4,3,2,3,6,3,5,2,4,3,3,5,3,2,4,3,3,4,3,3,3,3,2
2021-03-17 01:39:43,2021-03-17 01:44:05,0,89.206.64.6,100,261,1,2021-03-17 01:44:05,R_rkIGdyvpTUUDNxD,,,,,47.362396240234375,8.539398193359375,anonymous,EN,3u2lhku4,3,3,4,6,5,5,2,4,2,6,3,3,3,4,4,5,4,2,4,4,3,3,3,3,2,3,4,3,2,3,2,2
2021-03-17 03:32:06,2021-03-17 03:38:33,0,212.25.6.131,100,386,1,2021-03-17 03:38:33,R_4YgaxglTJ5X9kDD,,,,,47.42340087890625,9.369598388671875,anonymous,EN,16iehmk7,6,6,5,6,7,5,6,4,5,2,3,3,2,5,3,5,5,5,4,4,6,3,3,3,2,3,4,3,3,2,2,2
2021-03-17 04:47:23,2021-03-17 04:50:29,0,194.230.155.152,100,186,1,2021-03-17 04:50:29,R_1nVEY2zxwNpRh75,,,,,47.362396240234375,8.539398193359375,anonymous,EN,vjp4gkql,6,6,7,5,6,5,7,1,6,2,3,2,3,5,2,4,2,4,2,2,6,3,2,3,3,4,4,3,3,3,3,2
2021-03-17 10:18:03,2021-03-17 10:29:24,0,84.74.70.239,100,681,1,2021-03-17 10:29:25,R_2EAcE7dqQMRmzXV,,,,,47.3838043212890625,8.1786956787109375,anonymous,EN,rsd65p2f,2,2,3,5,5,3,5,6,6,1,2,2,2,3,3,6,3,5,3,3,5,3,4,2,2,3,2,2,3,3,3,2
2021-03-18 21:26:41,2021-03-18 21:30:49,0,213.55.224.110,100,247,1,2021-03-18 21:30:49,R_3dThXNTpId1kURR,,,,,47.362396240234375,8.539398193359375,anonymous,EN,29fiyn99,3,5,6,2,4,4,5,2,4,4,3,2,2,6,2,6,3,5,3,3,5,3,3,3,3,3,3,3,3,3,3,2
2021-03-22 12:23:18,2021-03-22 12:26:17,0,213.55.226.6,100,178,1,2021-03-22 12:26:17,R_2419aoiC9Epe0Er,,,,,47.362396240234375,8.539398193359375,anonymous,EN,sc6lidkh,5,3,5,2,6,5,6,4,6,2,4,4,3,6,2,5,3,4,4,3,4,3,3,3,3,3,3,3,3,3,3,2
2021-03-22 17:09:05,2021-03-22 17:16:36,0,46.140.1.199,100,451,1,2021-03-22 17:16:36,R_3Mb49JQimYJZd1Y,,,,,47.362396240234375,8.539398193359375,anonymous,EN,iqnu3d34,5,6,6,4,7,3,7,6,5,3,4,2,5,5,2,5,4,6,3,2,6,3,2,3,3,4,4,3,3,4,3,2
2021-03-18 21:31:00,2021-03-18 21:31:18,0,213.55.224.110,25,17,0,2021-03-25 21:31:21,R_3lujif1aKh6Jc1a,,,,,,,anonymous,EN,29fiyn99,,,,,,,,,,,,,,,,,,,,,,,,,,,,,,,,
2021-03-26 06:08:52,2021-03-26 06:11:43,0,62.12.154.122,100,170,1,2021-03-26 06:11:44,R_3FWYJhIYPlfB5Wa,,,,,47.362396240234375,8.539398193359375,anonymous,EN,rsd65p2f,3,3,5,5,6,6,6,4,5,3,4,3,4,6,5,4,4,4,4,4,5,3,2,3,3,3,3,3,3,3,3,2
2021-03-28 02:42:14,2021-03-28 02:50:30,0,194.230.148.49,100,496,1,2021-03-28 02:50:30,R_23WTSSa0IEiebCY,,,,,47.362396240234375,8.539398193359375,anonymous,EN,qw6gn9ox,4,6,4,5,5,6,5,3,6,3,2,2,2,6,2,6,2,6,2,2,6,4,3,3,3,3,3,3,4,4,4,2
2021-03-23 02:36:35,2021-03-23 02:38:56,0,178.83.153.238,38,141,0,2021-03-30 02:39:01,R_3m1Mj6w6TXtle3Z,,,,,,,anonymous,EN,1xsj8sby,,,,,,,,,,,,,,,,,,,,,,3,3,3,3,3,3,3,3,3,3,
2021-04-03 03:24:56,2021-04-03 03:29:49,0,109.202.209.91,100,292,1,2021-04-03 03:29:49,R_vMt9UrGWEcXtMXv,,,,,47.362396240234375,8.539398193359375,anonymous,EN,iuvupbro,5,6,4,3,3,6,6,2,6,5,4,4,3,5,4,5,4,3,4,3,5,3,2,3,2,3,3,3,3,2,3,2
2021-04-05 05:59:35,2021-04-05 06:02:37,0,185.110.72.165,100,182,1,2021-04-05 06:02:37,R_2bIXqFxyhGgnRol,,,,,47.362396240234375,8.539398193359375,anonymous,EN,p7av3i71,6,6,6,3,7,5,3,4,6,2,1,1,1,6,6,5,2,6,2,2,7,4,4,4,3,3,4,4,4,4,4,1
2021-04-06 12:28:25,2021-04-06 12:31:00,0,178.197.227.102,100,155,1,2021-04-06 12:31:01,R_2cnMskCw9ByUUko,,,,,47.362396240234375,8.539398193359375,anonymous,EN,2d94bqlw,3,5,6,3,5,5,6,2,7,2,1,1,1,6,2,4,2,4,2,2,5,3,3,3,3,2,3,3,3,3,2,2
2021-04-09 05:12:31,2021-04-09 05:16:58,0,46.140.3.111,100,266,1,2021-04-09 05:16:58,R_29PR8yumuAr7Fyp,,,,,47.5055999755859375,8.7241058349609375,anonymous,EN,4vswzd5a,4,1,5,5,6,7,7,3,3,2,4,3,4,4,3,3,5,3,4,4,6,3,2,2,2,2,4,2,3,3,3,2
2021-04-09 05:23:26,2021-04-09 05:26:12,0,178.83.229.196,100,165,1,2021-04-09 05:26:12,R_W7Lplv9N7Vtf7MZ,,,,,47.24249267578125,8.7234039306640625,anonymous,EN,kg7cuww5,5,5,6,5,7,3,6,1,4,5,1,2,1,6,2,4,3,5,1,3,6,4,3,4,3,2,4,2,4,3,2,1
2021-04-09 08:18:06,2021-04-09 08:20:55,0,213.55.241.180,100,169,1,2021-04-09 08:20:56,R_1mWBhwMFGUDa3Ws,,,,,47.362396240234375,8.539398193359375,anonymous,EN,pccw2ym8,5,5,5,6,6,6,6,5,5,4,3,3,4,3,4,5,3,4,5,4,4,3,3,3,3,3,3,3,3,2,2,2
2021-04-11 16:22:06,2021-04-11 16:26:20,0,82.197.178.56,100,253,1,2021-04-11 16:26:20,R_3KCkgMsb9i8Qfiy,,,,,47.362396240234375,8.539398193359375,anonymous,EN,hq82plcz,7,4,3,3,5,3,5,5,3,5,1,1,2,5,4,4,4,4,4,3,5,3,2,2,3,3,3,3,3,3,3,2
2021-04-12 00:14:58,2021-04-12 00:21:34,0,31.164.148.170,100,395,1,2021-04-12 00:21:34,R_6PvZEi5eLeXwASt,,,,,47.362396240234375,8.539398193359375,anonymous,EN,dqpt3y5b,4,5,5,3,7,1,6,6,5,5,4,2,4,5,3,3,5,2,5,4,3,3,1,2,1,2,3,2,2,3,2,2
2021-04-11 08:54:02,2021-04-12 01:23:44,0,89.217.55.37,100,59381,1,2021-04-12 01:23:44,R_73Dnn5gXUMvg61H,,,,,47.4049072265625,8.463104248046875,anonymous,EN,b3syhty8,1,4,5,5,6,6,4,4,4,2,3,3,3,3,3,3,3,2,4,3,3,3,3,2,2,3,2,2,3,2,2,2
2021-04-12 03:48:45,2021-04-12 04:11:09,0,82.197.181.164,100,1344,1,2021-04-12 04:11:09,R_u3KvJI6Ae2KcNZD,,,,,47.362396240234375,8.539398193359375,anonymous,EN,f42jhl43,4,5,6,4,6,4,5,4,4,5,2,3,3,6,5,4,5,4,4,3,4,4,2,3,2,2,3,3,3,2,2,2
2021-04-09 05:49:11,2021-04-09 05:49:17,0,31.10.151.177,13,6,0,2021-04-16 05:49:22,R_2XmNTkoX2s4OWsO,,,,,,,anonymous,EN,,,,,,,,,,,,,,,,,,,,,,,,,,,,,,,,,
2021-04-19 03:27:13,2021-04-19 03:30:54,0,109.202.205.42,100,221,1,2021-04-19 03:30:55,R_2TXk1DdCoQueXSy,,,,,47.362396240234375,8.539398193359375,anonymous,EN,iuvupbro,5,6,6,3,4,5,6,2,6,5,3,4,4,5,2,5,3,5,2,3,5,3,3,3,2,3,3,3,2,3,2,2
2021-04-12 03:51:14,2021-04-12 03:51:17,0,178.238.175.155,13,2,0,2021-04-19 03:51:18,R_3HXgU56FUbNCmP5,,,,,,,anonymous,EN,,,,,,,,,,,,,,,,,,,,,,,,,,,,,,,,,
2021-04-12 04:23:51,2021-04-12 04:23:57,0,178.197.225.29,13,6,0,2021-04-19 04:23:59,R_1ISPhxzQFeqYcRu,,,,,,,anonymous,EN,,,,,,,,,,,,,,,,,,,,,,,,,,,,,,,,,
2021-04-12 05:08:16,2021-04-12 05:12:11,0,195.176.112.82,88,235,0,2021-04-19 05:12:12,R_9YL9MDSN1dUuoCJ,,,,,,,anonymous,EN,rgof1m7a,6,5,6,5,7,2,4,1,3,4,2,2,3,6,3,5,3,4,3,2,5,4,4,3,3,3,4,2,2,3,3,2
2021-04-20 04:09:57,2021-04-20 04:12:01,0,185.113.22.56,100,124,1,2021-04-20 04:12:02,R_3OdZ9s80zRLESGl,,,,,47.1448974609375,8.1551055908203125,anonymous,EN,hq82plcz,6,4,3,4,4,4,7,5,4,4,2,2,3,5,4,4,4,5,5,4,4,3,2,3,3,2,2,3,3,3,3,2
2021-04-20 05:04:59,2021-04-20 08:27:59,0,213.55.224.19,100,12180,1,2021-04-20 08:27:59,R_1hMyiurfeVH5jCW,,,,,47.362396240234375,8.539398193359375,anonymous,EN,s8ch262k,4,2,5,5,5,5,5,3,3,2,3,2,1,5,2,4,2,3,2,5,6,2,2,2,2,2,3,3,2,3,3,2
2021-04-21 04:38:33,2021-04-21 04:41:58,0,82.197.181.161,100,205,1,2021-04-21 04:41:59,R_3e4YplDSVfKS7jm,,,,,47.362396240234375,8.539398193359375,anonymous,EN,jx661jye,5,5,7,2,7,5,3,1,5,1,1,3,1,7,1,6,1,6,1,2,6,4,3,4,4,4,4,4,4,4,4,2
2021-04-22 01:54:17,2021-04-22 01:59:46,0,31.10.146.150,100,328,1,2021-04-22 01:59:46,R_3MonMk8fnBbW9DB,,,,,47.362396240234375,8.539398193359375,anonymous,EN,l4iu7bba,6,5,7,6,7,7,7,1,7,5,5,5,5,2,3,3,6,5,6,3,5,3,4,2,3,2,4,4,3,2,1,2
2021-04-22 07:10:37,2021-04-22 07:15:30,0,178.197.224.73,100,292,1,2021-04-22 07:15:31,R_2UXjg4W7n6rWbUD,,,,,47.362396240234375,8.539398193359375,anonymous,EN,9mke7el6,4,7,5,2,6,5,4,4,6,3,2,1,1,7,2,7,3,5,2,3,6,3,2,3,3,4,3,3,2,3,4,2
2021-04-22 08:58:26,2021-04-22 09:01:42,0,194.230.145.14,100,196,1,2021-04-22 09:01:43,R_3m47QlBtIG2yaoR,,,,,46.1967926025390625,9.0175018310546875,anonymous,EN,rvuybsb3,5,6,2,7,6,6,7,7,2,6,3,3,2,6,2,5,4,5,6,6,4,3,3,2,2,2,4,2,3,4,3,2
2021-04-24 08:38:33,2021-04-24 08:41:50,0,45.31.128.175,100,197,1,2021-04-24 08:41:51,R_1HkP2uhvYyVp0XU,,,,,33.7920074462890625,-84.20490264892578125,anonymous,EN,69wdbvt8,2,1,7,1,7,6,6,1,6,2,1,1,1,6,1,5,1,4,2,2,6,4,2,4,4,4,4,4,4,4,4,3
2021-04-27 01:35:18,2021-04-27 01:38:45,0,130.60.203.58,100,206,1,2021-04-27 01:38:46,R_1n6KNdI8mSlOQJy,,,,,47.362396240234375,8.539398193359375,anonymous,EN,tuky2ppq,6,6,5,6,5,2,6,2,3,2,3,1,1,5,4,3,5,3,3,3,5,4,3,2,1,2,4,3,2,3,3,2
2021-04-20 08:28:15,2021-04-20 08:28:21,0,213.55.224.19,25,6,0,2021-04-27 08:28:21,R_2aQ9PHZVkV5DSjn,,,,,,,anonymous,EN,s8ch262k,,,,,,,,,,,,,,,,,,,,,,,,,,,,,,,,
2021-04-22 06:19:48,2021-04-22 07:30:23,0,77.58.56.241,38,4235,0,2021-04-29 07:30:25,R_3QSDdN2lEnjMGh4,,,,,,,anonymous,EN,rw6sj9bl,,,,,,,,,,,4,4,4,,,,,,,,,,,,,,,,,,,
2021-05-03 12:56:57,2021-05-03 12:57:25,0,87.245.100.67,25,27,0,2021-05-10 12:57:30,R_WdEl2jJCmWcjyuZ,,,,,,,anonymous,EN,69wdbvt8,,,,,,,,,,,,,,,,,,,,,,,,,,,,,,,,
2021-07-23 05:13:58,2021-07-23 05:15:23,1,,100,85,1,2021-07-23 05:15:24,R_1Cw0mpZrGCjul2B,,,,,47.368194580078125,8.5670928955078125,preview,EN,12345678,5,5,5,5,5,5,5,5,5,5,3,3,3,5,5,5,5,5,5,5,5,1,2,2,2,2,2,2,3,3,3,2
2021-08-22 10:50:44,2021-08-22 10:56:42,0,77.59.144.65,100,358,1,2021-08-22 10:56:42,R_9t5ecmxk8Vxs5Cp,,,,,47.380401611328125,8.54119873046875,anonymous,EN,1tgrs948,6,5,1,4,7,1,7,6,6,2,1,3,1,6,1,5,2,1,2,2,6,4,3,1,4,4,4,4,3,3,4,2
2021-08-23 09:17:31,2021-08-23 09:20:07,0,213.55.244.123,100,155,1,2021-08-23 09:20:07,R_2B3OWqdY2n01cuY,,,,,46.935394287109375,7.427093505859375,anonymous,EN,wslxefa8,7,3,6,2,6,2,6,3,5,3,1,1,1,6,3,5,6,6,6,2,6,3,4,3,3,4,3,3,3,3,3,2
2021-08-23 11:11:18,2021-08-23 11:15:37,0,62.2.219.162,100,258,1,2021-08-23 11:15:37,R_1kYs8Q3bx7E7A0s,,,,,47.3643035888671875,8.543701171875,anonymous,EN,xud2vcce,5,3,3,6,7,7,7,7,5,6,2,1,2,6,1,7,2,6,3,2,5,3,4,4,4,3,3,2,3,3,4,2
2021-08-23 13:11:31,2021-08-23 13:14:39,0,194.230.148.45,100,187,1,2021-08-23 13:14:39,R_A6fF53sCVhes0yl,,,,,47.39520263671875,8.49249267578125,anonymous,EN,2diid5yz,3,6,7,6,6,7,5,3,6,2,1,2,1,6,4,5,5,5,3,3,6,4,3,3,3,3,3,3,3,3,3,2
2021-08-24 07:05:31,2021-08-24 07:13:23,0,185.133.44.254,100,472,1,2021-08-24 07:13:24,R_2AE9pqRnJuq0UJY,,,,,47.3856964111328125,8.5348052978515625,anonymous,EN,j16zo7is,6,3,6,4,7,2,6,3,4,3,3,2,3,5,4,4,2,6,2,1,6,3,2,2,4,3,4,4,3,4,4,2
2021-08-26 09:28:23,2021-08-26 09:33:48,0,178.197.236.224,100,325,1,2021-08-26 09:33:49,R_Y97MxcLvE7fssGB,,,,,46.978607177734375,7.44830322265625,anonymous,EN,s47rjw7r,5,5,5,4,6,5,5,2,4,2,2,2,1,2,2,5,5,5,4,2,7,4,4,4,3,3,4,3,3,2,3,2
2021-08-26 10:52:45,2021-08-26 10:59:48,0,213.55.225.99,100,422,1,2021-08-26 10:59:48,R_1pE7X7KcHdXXZXX,,,,,47.3661041259765625,8.5243072509765625,anonymous,EN,dokkdujf,5,5,5,4,5,5,5,5,6,5,3,3,3,5,5,5,5,5,5,4,4,3,3,2,3,3,2,3,3,2,2,2
2021-08-27 09:22:20,2021-08-27 09:27:49,0,213.55.174.247,100,329,1,2021-08-27 09:27:49,R_3qVxYsaD8mGSUey,,,,,46.518402099609375,6.6436004638671875,anonymous,EN,8ji7ckuh,6,1,6,5,6,7,6,1,7,2,3,4,4,5,5,5,5,6,2,1,7,4,3,4,3,3,4,4,3,4,3,2
2021-08-27 13:13:37,2021-08-27 13:17:59,0,85.7.238.42,100,262,1,2021-08-27 13:18:00,R_2CfSNfVxpvCjfEL,,,,,46.870697021484375,7.5446014404296875,anonymous,EN,ajt5b6e4,6,5,7,5,6,3,6,3,5,1,1,2,2,6,1,6,2,6,2,2,6,4,4,4,4,3,4,3,3,4,3,2
2021-08-31 07:02:57,2021-08-31 07:08:52,0,185.160.244.24,100,354,1,2021-08-31 07:08:52,R_2YMsUZbOWma2bfG,,,,,47.053802490234375,8.334503173828125,anonymous,EN,37eroguv,6,2,6,2,6,2,6,2,6,2,2,3,1,6,3,5,2,5,3,2,6,4,3,3,4,3,4,4,3,3,3,2
2021-08-24 07:57:47,2021-08-24 08:03:22,0,194.230.155.150,88,334,0,2021-08-31 08:03:24,R_2rHmwsQgCLqi7x2,,,,,,,anonymous,EN,9gdknoky,6,4,7,5,6,5,6,3,5,4,1,1,2,6,2,4,4,5,2,4,5,3,2,3,3,3,3,3,3,3,3,2
2021-08-24 08:26:34,2021-08-24 08:31:04,0,89.206.64.9,88,269,0,2021-08-31 08:31:05,R_3kzVEwIeNSqWrRN,,,,,,,anonymous,EN,8eqwk1to,6,3,7,5,6,5,6,1,6,5,1,1,2,6,2,5,4,4,4,3,4,3,3,3,3,3,3,2,3,3,3,2
2021-08-22 10:31:26,2021-08-25 04:53:11,0,213.55.241.178,13,238905,0,2021-09-01 04:53:11,R_2rAwVDEaOOxAedJ,,,,,,,anonymous,EN,,,,,,,,,,,,,,,,,,,,,,,,,,,,,,,,,
2021-09-03 13:09:26,2021-09-03 13:16:18,0,62.202.181.238,100,411,1,2021-09-03 13:16:18,R_3P7GrfF7liXZBLy,,,,,47.33880615234375,8.576904296875,anonymous,EN,3mcrmzs3,5,4,7,1,7,4,7,1,7,2,1,1,2,7,1,7,1,7,1,1,7,4,4,4,4,4,4,4,4,4,4,2
2021-09-03 15:45:36,2021-09-03 15:50:12,0,51.154.34.236,100,276,1,2021-09-03 15:50:12,R_2QRlRSd5p21qxMh,,,,,47.4095001220703125,8.5514068603515625,anonymous,EN,hs9ryobk,3,5,3,5,6,5,6,5,3,5,2,2,3,6,3,3,3,1,4,3,5,3,2,3,3,2,3,3,4,3,3,2
2021-09-05 03:28:30,2021-09-05 03:39:45,0,77.109.166.191,100,674,1,2021-09-05 03:39:45,R_1OGMWXaWns7ylHQ,,,,,47.4196929931640625,8.5139007568359375,anonymous,EN,4n3ge5by,5,4,5,6,7,5,5,6,6,4,1,1,1,6,5,2,4,4,4,5,5,2,1,1,2,2,3,3,3,2,2,2
2021-09-06 00:33:41,2021-09-06 00:39:43,0,195.235.155.74,100,362,1,2021-09-06 00:39:43,R_3sh6qtAoLbH2c3j,,,,,40.4163055419921875,-3.6934051513671875,anonymous,EN,zpn9npfl,3,6,5,2,6,4,5,2,5,3,2,3,4,6,3,5,3,5,2,3,6,4,3,3,4,3,4,4,3,4,4,2
2021-09-06 03:14:41,2021-09-06 03:28:47,0,77.109.166.243,100,845,1,2021-09-06 03:28:47,R_0IkXXe9glVfCugV,,,,,47.4196929931640625,8.5139007568359375,anonymous,EN,k6ikoyf5,6,2,4,2,6,7,6,5,6,3,4,3,4,4,6,3,4,3,3,3,5,3,2,4,3,3,4,3,4,3,3,2
2021-09-08 08:42:17,2021-09-08 08:46:33,0,81.221.217.44,100,255,1,2021-09-08 08:46:34,R_3neMxKHLZL3iF7n,,,,,47.4691925048828125,8.3899993896484375,anonymous,EN,4t6omri7,4,5,2,1,5,5,2,4,6,4,2,1,1,6,4,4,3,2,2,1,4,3,3,2,3,3,4,3,3,4,3,1
2021-09-08 12:16:20,2021-09-08 12:19:35,0,212.51.138.52,100,195,1,2021-09-08 12:19:36,R_3q9CGHNN41ycax2,,,,,47.3538055419921875,8.5587005615234375,anonymous,EN,qipyog4u,5,5,4,2,6,4,2,7,7,4,1,1,1,6,4,5,5,5,5,2,5,3,3,2,3,3,3,3,2,3,3,2
2021-09-08 12:51:39,2021-09-08 12:55:32,0,84.227.191.156,100,232,1,2021-09-08 12:55:32,R_C37QrVxVx3jIsAp,,,,,47.402099609375,8.5751953125,anonymous,EN,tv14nczl,6,3,6,3,6,2,5,2,5,2,1,2,1,6,2,6,3,6,2,2,5,4,3,3,3,2,2,2,2,3,3,2
2021-09-05 14:13:53,2021-09-05 14:22:26,0,77.59.133.88,13,512,0,2021-09-12 14:22:29,R_z73AYRs7w9PkGk1,,,,,,,anonymous,EN,,,,,,,,,,,,,,,,,,,,,,,,,,,,,,,,,
2021-09-18 03:45:27,2021-09-18 03:49:50,0,213.55.225.91,100,263,1,2021-09-18 03:49:51,R_udBl5tGk9XAaUEh,,,,,47.368194580078125,8.5670928955078125,anonymous,EN,3ge3wa6s,5,4,6,5,6,3,5,2,4,4,2,3,3,6,3,5,4,4,3,3,6,3,3,4,3,3,3,3,3,3,3,2
2021-09-22 01:32:12,2021-09-22 01:34:38,0,89.206.64.21,100,146,1,2021-09-22 01:34:39,R_2V7rOE5cjAsHfBM,,,,,47.3975982666015625,8.5442047119140625,anonymous,EN,xe5gvtfa,3,3,6,3,6,7,6,6,5,2,1,4,2,6,6,6,2,5,2,2,6,4,3,2,3,4,4,4,4,4,3,2
2021-09-23 10:52:38,2021-09-23 10:55:55,0,109.202.221.134,100,197,1,2021-09-23 10:55:57,R_1r6LvWvkkIkv8oV,,,,,47.3511962890625,8.5010986328125,anonymous,EN,21obugzs,6,7,3,2,5,6,6,5,7,6,1,1,1,6,5,4,4,4,3,2,7,3,3,3,4,4,4,4,3,4,2,2
2021-09-25 00:03:34,2021-09-25 00:08:01,0,194.230.155.113,100,267,1,2021-09-25 00:08:02,R_214JqbQndIMWJp9,,,,,47.3975982666015625,8.5442047119140625,anonymous,EN,nyvpq8cj,6,3,6,5,6,1,6,3,2,1,2,2,2,2,7,3,5,2,4,5,3,3,2,3,3,3,3,2,3,3,2,2
2021-09-25 03:53:28,2021-09-25 04:04:30,0,77.57.176.45,100,662,1,2021-09-25 04:04:31,R_10pltxMYPK4E4t4,,,,,47.484893798828125,8.216400146484375,anonymous,EN,aadjaols,4,5,5,1,5,6,4,1,7,2,1,3,1,6,1,6,2,4,1,1,7,4,4,4,3,4,4,4,4,4,4,2
2021-09-25 04:13:37,2021-09-25 04:20:43,0,84.227.239.112,100,425,1,2021-09-25 04:20:43,R_2S2euQRc39VqDAI,,,,,47.3762054443359375,8.5980987548828125,anonymous,EN,7kl5ler4,4,3,6,4,5,5,4,2,6,3,2,3,2,6,2,6,2,5,2,2,6,3,3,3,3,3,3,4,3,3,3,2
2021-09-25 05:30:51,2021-09-25 05:36:26,0,46.140.3.14,100,335,1,2021-09-25 05:36:27,R_tEd2feJkZumD8zL,,,,,47.3856964111328125,8.5348052978515625,anonymous,EN,pu5qp1q5,4,6,7,7,6,3,6,2,6,5,2,1,4,6,3,5,4,5,2,2,5,3,3,3,2,3,3,2,3,4,3,2
2021-09-18 07:36:12,2021-09-18 07:39:28,0,213.55.224.162,88,196,0,2021-09-25 07:39:28,R_3fVmcyybUbICrlT,,,,,,,anonymous,EN,nhhspzc4,3,7,7,2,5,3,5,1,6,2,2,1,1,6,2,4,2,5,2,4,7,4,3,3,3,3,3,3,3,2,3,2
2021-09-26 01:41:36,2021-09-26 01:45:45,0,85.7.122.226,100,249,1,2021-09-26 01:45:45,R_30tTE0nFDYrjKUb,,,,,47.2823028564453125,8.7489013671875,anonymous,EN,qrricc6i,6,6,4,7,6,6,7,2,6,3,2,3,4,5,4,5,5,5,5,5,6,3,3,3,3,3,3,3,3,4,4,2
2021-09-27 01:41:41,2021-09-27 01:45:42,0,194.230.159.109,100,241,1,2021-09-27 01:45:42,R_8qVBJevxhnmpZ4d,,,,,47.425506591796875,8.6909027099609375,anonymous,EN,ynt64673,4,3,6,2,5,7,6,3,6,3,3,4,2,2,5,4,5,4,6,5,3,3,2,3,3,3,4,3,3,3,3,2
2021-09-27 06:22:15,2021-09-27 06:27:54,0,213.55.225.4,100,338,1,2021-09-27 06:27:54,R_27HVXa52tqxtmtV,,,,,47.4243011474609375,8.5402984619140625,anonymous,EN,5y57en9w,6,5,6,3,7,3,6,1,6,1,1,2,2,7,1,6,1,7,1,1,7,4,3,3,3,3,4,4,3,3,3,2
2021-09-28 00:19:00,2021-09-28 00:22:54,0,46.140.183.231,100,233,1,2021-09-28 00:22:54,R_2uBDFtMoxZPkjHj,,,,,46.9561004638671875,7.4886932373046875,anonymous,EN,6qaviszv,5,5,4,1,6,4,6,1,5,2,2,2,3,6,3,5,2,2,2,2,5,4,3,4,4,4,4,4,3,4,3,2
2021-09-28 09:00:09,2021-09-28 09:02:36,0,195.176.112.92,100,147,1,2021-09-28 09:02:37,R_cUY6yqwNjB4j0hb,,,,,47.3661041259765625,8.5243072509765625,anonymous,EN,upipav8d,5,6,7,3,7,6,6,2,5,2,3,5,2,5,2,5,2,4,4,3,6,4,2,1,3,3,4,2,3,3,3,2
2021-09-29 02:26:31,2021-09-29 02:32:34,0,85.195.244.7,100,362,1,2021-09-29 02:32:34,R_3KNuwIFSDCyzmK1,,,,,47.39520263671875,8.49249267578125,anonymous,EN,b6ia3e5d,3,2,6,7,5,7,6,3,6,3,3,4,4,5,5,3,5,2,6,5,3,3,2,1,3,2,4,2,2,3,2,2
2021-09-29 07:45:44,2021-09-29 07:48:37,0,213.55.224.177,100,173,1,2021-09-29 07:48:37,R_5aNpFeTfy1wyutz,,,,,47.3614044189453125,8.489898681640625,anonymous,EN,muuxwpe1,2,2,5,3,7,2,6,1,6,5,1,1,1,7,2,1,3,3,2,2,3,2,3,1,2,1,3,2,2,3,3,2
2021-09-29 10:48:21,2021-09-29 10:55:33,0,178.192.18.216,100,431,1,2021-09-29 10:55:33,R_O7kzMqHpBDyidZ7,,,,,47.3433074951171875,8.539398193359375,anonymous,EN,iw5c9b44,5,1,6,6,3,7,7,1,7,2,2,3,4,6,5,5,2,4,2,1,6,3,2,3,3,2,3,3,2,3,3,2
2021-09-30 09:35:42,2021-09-30 09:42:11,0,194.230.155.203,100,389,1,2021-09-30 09:42:11,R_3q8WHwhy3mRygKY,,,,,47.3975982666015625,8.5442047119140625,anonymous,EN,bt8l3v22,6,6,7,2,7,4,6,2,6,6,1,3,2,6,2,6,3,4,4,4,5,3,3,3,3,3,3,3,2,3,4,2
2021-09-30 10:04:06,2021-09-30 10:11:36,0,194.230.148.127,100,449,1,2021-09-30 10:11:36,R_0Mw00I9FVBJ0mSl,,,,,47.3856964111328125,8.5348052978515625,anonymous,EN,8mwmh2zj,3,5,6,7,7,5,7,2,2,1,5,4,3,7,4,6,2,1,2,2,5,3,2,4,3,4,3,2,4,3,2,2
2021-09-30 11:09:39,2021-09-30 11:13:22,0,82.130.71.186,100,222,1,2021-09-30 11:13:22,R_1f93rEFMJxa7Xxs,,,,,47.3975982666015625,8.5442047119140625,anonymous,EN,uodarjlk,7,6,5,2,7,1,5,4,3,2,2,1,1,5,6,5,2,5,1,1,5,4,2,4,4,3,3,2,3,3,2,2
2021-09-30 11:47:50,2021-09-30 11:52:42,0,213.55.241.3,100,292,1,2021-09-30 11:52:43,R_1kUndQ7HykYXgWA,,,,,47.3661041259765625,8.5243072509765625,anonymous,EN,fnyhxppg,6,4,6,2,6,5,6,1,6,5,2,2,1,5,4,3,4,5,3,3,5,3,3,3,3,3,3,3,3,3,2,2
2021-09-30 09:42:04,2021-09-30 16:38:51,0,31.10.148.245,100,25006,1,2021-09-30 16:38:51,R_wRiUgiSLzXNUpMZ,,,,,47.398895263671875,8.4965057373046875,anonymous,EN,i6p3d5a6,5,3,6,4,5,5,5,2,4,6,4,3,4,5,2,5,2,4,2,3,5,3,2,3,3,3,3,3,2,3,3,2
2021-10-01 05:38:46,2021-10-01 05:43:59,0,192.12.247.8,100,312,1,2021-10-01 05:43:59,R_2chpkSsw25zgpZm,,,,,47.3975982666015625,8.5442047119140625,anonymous,EN,6segy4b1,7,2,5,5,7,4,7,5,3,1,2,2,3,5,4,5,2,4,3,6,5,3,3,2,2,2,3,3,3,2,2,2
2021-10-04 23:10:04,2021-10-04 23:15:15,0,194.230.148.61,100,310,1,2021-10-04 23:15:15,R_1OPK4UON4GMsMFk,,,,,47.3856964111328125,8.5348052978515625,anonymous,EN,bjwr91tk,6,5,6,2,6,4,5,4,7,5,1,2,2,7,5,6,2,6,1,2,7,4,3,4,4,4,4,3,4,4,4,2
2021-09-29 01:53:05,2021-09-29 01:54:28,0,213.55.224.22,25,83,0,2021-10-06 01:54:29,R_3EEC8MCzArijEQW,,,,,,,anonymous,EN,qrricc6i,,,,,,,,,,,,,,,,,,,,,,,,,,,,,,,,
2021-10-06 03:38:32,2021-10-06 03:43:00,0,195.176.112.53,100,267,1,2021-10-06 03:43:00,R_2QLikhncbzKMvdb,,,,,47.3661041259765625,8.5243072509765625,anonymous,EN,9t4oq39s,6,2,6,5,7,3,7,2,6,1,2,2,1,7,1,5,3,4,2,2,6,3,3,3,3,2,3,3,3,4,3,2
2021-10-06 13:05:50,2021-10-06 13:11:47,0,194.230.159.222,100,357,1,2021-10-06 13:11:48,R_1FrKlLdWf0cykpP,,,,,47.425506591796875,8.6909027099609375,anonymous,EN,gvjt8zx8,5,2,3,5,6,3,7,6,3,2,5,3,5,6,2,3,4,4,2,2,5,3,2,3,3,2,3,1,3,3,3,2
2021-10-06 13:45:59,2021-10-06 13:50:28,0,194.230.148.230,100,269,1,2021-10-06 13:50:29,R_ewTV23hWXBBhzoJ,,,,,47.3856964111328125,8.5348052978515625,anonymous,EN,7zt838wn,6,2,5,5,6,5,5,3,5,2,2,1,2,6,3,6,3,4,3,3,5,3,3,3,2,2,4,4,3,3,3,2
2021-10-10 04:35:45,2021-10-10 04:39:09,0,77.109.188.234,100,203,1,2021-10-10 04:39:09,R_3Goy8wKrKR440p0,,,,,47.4196929931640625,8.5139007568359375,anonymous,EN,2v8cj92q,3,5,4,3,4,6,5,6,6,3,1,3,1,5,3,6,3,4,3,2,5,3,3,4,3,4,3,3,2,3,4,2
2021-10-10 05:49:08,2021-10-10 05:52:46,0,82.197.174.137,100,218,1,2021-10-10 05:52:46,R_2tx4H8zjR47yfDT,,,,,47.4196929931640625,8.5139007568359375,anonymous,EN,q6afqtcx,3,5,6,3,7,6,6,6,6,3,3,5,3,6,3,6,3,5,2,1,4,3,3,2,4,4,4,3,3,3,4,2
2021-10-10 14:17:37,2021-10-10 14:22:10,0,145.40.194.20,100,273,1,2021-10-10 14:22:11,R_sUqtkrQH9TSYuQ1,,,,,47.3661041259765625,8.5243072509765625,anonymous,EN,xonhnbql,6,5,5,3,7,5,7,5,6,1,3,2,1,7,2,6,2,4,1,2,6,4,3,3,4,4,4,4,4,4,4,2
2021-10-12 10:42:14,2021-10-12 10:45:33,0,77.109.146.223,100,199,1,2021-10-12 10:45:34,R_1KrIAEsTIxhhkqX,,,,,47.3433074951171875,8.539398193359375,anonymous,EN,6dpj9vie,7,7,5,2,7,1,6,5,6,4,1,1,1,7,2,6,1,5,1,2,7,3,3,3,4,4,3,3,4,4,4,2
2021-10-13 10:48:38,2021-10-13 10:51:41,0,178.197.224.115,100,182,1,2021-10-13 10:51:41,R_12hcJnip1r52ciw,,,,,47.3712005615234375,8.4788970947265625,anonymous,EN,t344ht5e,6,4,7,5,6,4,6,3,6,4,3,1,1,5,3,5,3,6,2,2,6,3,2,3,3,3,3,2,2,3,3,2
2021-10-13 11:28:10,2021-10-13 11:31:13,0,31.165.138.250,100,182,1,2021-10-13 11:31:13,R_31Mgm86ysmpW6sh,,,,,47.4243011474609375,8.5402984619140625,anonymous,EN,28wb47x1,3,6,4,7,7,4,5,3,4,2,1,2,2,4,2,4,3,5,5,2,5,3,2,1,3,3,3,2,4,4,3,2
2021-10-13 11:52:24,2021-10-13 11:56:13,0,194.230.155.140,100,228,1,2021-10-13 11:56:13,R_339jAqxAtyU9vS0,,,,,47.3975982666015625,8.5442047119140625,anonymous,EN,36e6wdjt,7,7,7,6,7,4,7,6,6,2,2,1,1,7,3,6,2,4,2,2,6,4,3,3,4,4,4,3,4,4,3,2
2021-10-13 18:17:41,2021-10-13 18:38:55,0,212.51.129.173,100,1274,1,2021-10-13 18:38:56,R_1lcaN3Juf7SYhK0,,,,,47.4196929931640625,8.5139007568359375,anonymous,EN,8f88q3eo,7,2,7,5,7,5,6,3,6,1,3,1,2,6,2,6,2,6,2,2,6,3,2,3,4,3,3,4,4,3,4,2
2021-10-18 08:50:34,2021-10-18 08:54:45,0,194.230.155.114,100,251,1,2021-10-18 08:54:45,R_307BwXzSTHTjRkC,,,,,47.4196929931640625,8.5139007568359375,anonymous,EN,nwfybjbd,3,5,5,4,6,6,5,3,6,3,2,1,3,6,5,4,2,4,2,4,3,3,3,4,4,3,4,4,3,4,3,2
2021-10-18 09:03:09,2021-10-18 10:43:19,0,195.176.112.59,100,6010,1,2021-10-18 10:43:20,R_2eP5bFixdUHSN5m,,,,,47.4095001220703125,8.5514068603515625,anonymous,EN,yl8bpn12,6,4,5,3,6,3,6,3,4,3,2,3,3,6,2,4,3,4,2,2,6,3,3,2,3,3,3,3,2,3,3,2
2021-10-21 09:50:27,2021-10-21 09:57:50,0,46.140.159.18,100,443,1,2021-10-21 09:57:51,R_PBCacEzbNMBJzKp,,,,,47.4907073974609375,8.738800048828125,anonymous,EN,rpwy1jxw,5,2,3,1,6,7,5,3,7,2,3,1,1,6,5,4,2,1,3,4,7,3,3,3,3,2,4,4,3,3,3,2
2021-10-21 09:50:55,2021-10-21 10:00:47,0,195.176.112.176,100,592,1,2021-10-21 10:00:47,R_1GNtvrNsukTbo8K,,,,,47.402099609375,8.5751953125,anonymous,EN,er8luh1i,3,6,6,6,5,4,5,3,3,6,3,2,2,5,3,4,3,3,4,2,6,3,3,2,2,2,3,2,2,2,3,2
2021-10-23 10:07:20,2021-10-23 10:12:04,0,195.176.112.194,100,283,1,2021-10-23 10:12:04,R_1DVgv6a4MMRghr8,,,,,47.402099609375,8.5751953125,anonymous,EN,3i7mgivq,5,2,6,1,6,2,5,1,3,1,1,1,3,7,2,5,2,5,2,2,6,4,3,3,3,3,3,2,2,3,3,2
2021-10-24 03:33:39,2021-10-24 07:32:19,0,194.230.148.178,100,14319,1,2021-10-24 07:32:19,R_2CkTdSCDEfzgj9D,,,,,47.380401611328125,8.54119873046875,anonymous,EN,4ut7k11n,3,2,6,4,6,6,5,1,6,1,5,2,3,5,5,7,3,4,5,3,7,3,4,3,3,3,3,4,3,3,4,2
2021-10-24 08:36:29,2021-10-24 08:38:38,0,178.83.36.21,100,129,1,2021-10-24 08:38:39,R_3Ge6fWf4D6ZJFSQ,,,,,47.5496978759765625,7.5695953369140625,anonymous,EN,y68tefj4,5,5,6,6,5,5,6,4,3,4,3,2,1,3,3,6,3,4,3,3,3,2,3,3,3,2,3,2,3,3,3,2
2021-10-25 04:31:17,2021-10-25 04:35:24,0,130.60.168.9,100,247,1,2021-10-25 04:35:24,R_1etOlqHEsbQm3pH,,,,,47.3975982666015625,8.5442047119140625,anonymous,EN,cbs27etq,6,6,3,3,5,4,6,2,6,2,2,2,4,6,2,6,2,5,2,2,5,4,3,3,3,3,3,3,3,3,3,1
2021-10-18 14:17:29,2021-10-18 14:24:07,0,77.109.166.18,13,398,0,2021-10-25 14:24:08,R_ULLPYEvFf93oxi1,,,,,,,anonymous,EN,,,,,,,,,,,,,,,,,,,,,,,,,,,,,,,,,
2021-10-27 05:33:09,2021-10-27 05:36:21,0,192.12.247.99,100,191,1,2021-10-27 05:36:22,R_1QbXfuq3OBltd51,,,,,47.3975982666015625,8.5442047119140625,anonymous,EN,y1pci6f3,7,4,3,4,7,2,6,4,4,3,2,2,2,5,4,4,4,4,3,3,6,4,3,2,3,3,4,3,4,4,3,2
2021-10-29 08:18:40,2021-10-29 08:41:45,0,81.221.196.17,100,1385,1,2021-10-29 08:41:45,R_1Kjy13hCGOyVxFg,,,,,47.3661041259765625,8.5243072509765625,anonymous,EN,cnj3p6gj,6,4,5,3,6,3,7,4,5,4,3,3,3,6,6,6,3,4,4,4,4,3,2,3,4,4,4,3,3,3,3,2
2021-10-30 03:12:08,2021-10-30 03:16:52,0,85.195.199.8,100,283,1,2021-10-30 03:16:52,R_2tDMReaHNahFCR9,,,,,47.5702056884765625,7.6186981201171875,anonymous,EN,ociegiob,6,5,5,4,6,4,7,4,3,3,2,2,2,6,4,6,3,5,2,2,7,4,3,3,3,3,4,3,3,3,3,2
2021-10-19 07:18:10,2021-10-25 03:16:30,0,195.176.112.64,13,503900,0,2021-11-01 03:16:31,R_1fdc59G4ZgtJ1pm,,,,,,,anonymous,EN,,,,,,,,,,,,,,,,,,,,,,,,,,,,,,,,,
2021-11-01 03:52:08,2021-11-01 04:06:20,0,178.197.227.226,100,851,1,2021-11-01 04:06:20,R_O3X9L9JOhdGc4TL,,,,,47.3856964111328125,8.5348052978515625,anonymous,EN,8rrl6md2,4,5,6,5,6,5,4,5,5,4,1,2,2,4,4,2,4,2,4,3,4,3,2,3,2,2,3,3,2,3,2,2
2021-11-01 07:21:40,2021-11-01 07:29:45,0,194.230.145.218,100,485,1,2021-11-01 07:29:46,R_1kOlOs5ksE1GQpW,,,,,46.149993896484375,8.983001708984375,anonymous,EN,iode78uc,6,5,3,5,7,2,5,4,4,2,1,2,1,6,3,6,2,6,2,2,6,3,3,3,4,3,3,2,3,4,3,2
2021-11-02 03:30:19,2021-11-02 03:38:14,0,91.141.52.147,100,474,1,2021-11-02 03:38:14,R_p4tXes6pdTDoM0x,,,,,48.203094482421875,16.3527069091796875,anonymous,EN,tk1gygmv,5,5,6,2,7,3,6,1,5,3,3,3,2,6,4,4,3,2,3,3,5,3,3,4,4,3,4,4,3,3,2,2
2021-11-02 05:03:09,2021-11-02 05:08:26,0,213.55.224.67,100,316,1,2021-11-02 05:08:26,R_2uX5z36LyX8CsMa,,,,,47.3603973388671875,8.5388031005859375,anonymous,EN,m3abfwzw,3,5,6,1,7,5,6,4,7,5,2,1,1,7,5,6,2,3,2,1,6,4,3,3,3,3,4,4,3,2,3,2
2021-11-03 10:46:12,2021-11-03 10:49:48,0,194.230.148.96,100,216,1,2021-11-03 10:49:48,R_22Rmlf0L5P7pFeY,,,,,47.3661041259765625,8.5243072509765625,anonymous,EN,32wn3sm7,6,5,2,5,6,1,6,4,4,1,2,2,4,6,4,6,4,5,3,4,5,3,3,2,4,3,2,1,1,4,4,2
2021-11-03 10:54:49,2021-11-03 11:05:20,0,194.230.155.175,100,630,1,2021-11-03 11:05:20,R_2YeIXoklvpmLO0N,,,,,47.42999267578125,8.5717926025390625,anonymous,EN,c72rppkr,7,2,6,5,6,5,7,3,5,3,1,2,2,6,1,5,2,5,2,3,6,3,3,3,3,4,4,3,4,3,4,2
2021-11-03 11:58:17,2021-11-03 12:02:43,0,85.1.252.30,100,266,1,2021-11-03 12:02:44,R_2EsdhcGtAlt06Ml,,,,,47.5074005126953125,8.46820068359375,anonymous,EN,9cpd8a23,4,5,5,6,6,4,5,5,3,2,3,2,3,5,4,5,4,3,3,2,4,4,3,3,3,3,4,3,3,3,3,2
2021-11-08 09:08:41,2021-11-08 09:18:50,0,84.227.205.174,100,608,1,2021-11-08 09:18:50,R_1OPSKN2qPeXNDjz,,,,,47.3762054443359375,8.5980987548828125,anonymous,EN,tvuhkqi4,3,5,1,1,7,5,4,4,5,4,1,2,2,7,1,4,1,4,1,1,4,4,2,3,3,2,4,3,3,4,3,2
2021-11-02 03:29:53,2021-11-02 03:38:53,0,91.141.52.147,13,540,0,2021-11-09 02:38:55,R_2YccHn7HnJqiz6f,,,,,,,anonymous,EN,,,,,,,,,,,,,,,,,,,,,,,,,,,,,,,,,
2021-11-10 07:22:12,2021-11-10 07:34:14,0,130.60.120.86,100,722,1,2021-11-10 07:34:14,R_1eCYIW5atCqKLkJ,,,,,47.3614044189453125,8.489898681640625,anonymous,EN,hfhpk7pg,6,6,6,7,5,2,7,2,3,5,1,3,2,6,2,6,2,5,2,2,6,3,3,3,2,2,3,2,4,3,3,1
2021-11-15 07:55:42,2021-11-15 07:59:17,0,213.193.81.170,100,215,1,2021-11-15 07:59:17,R_2B58RFz26hMFMrM,,,,,47.278106689453125,8.3397979736328125,anonymous,EN,9pdjoujv,2,4,6,2,6,7,5,2,7,2,3,4,3,5,3,5,4,4,3,2,4,3,3,3,3,3,3,3,3,3,3,2
2021-11-17 07:10:51,2021-11-17 07:14:51,0,195.176.112.77,100,240,1,2021-11-17 07:14:52,R_3rOEP04MACLRtqx,,,,,47.3975982666015625,8.5442047119140625,anonymous,EN,heklorcj,2,6,6,6,5,5,3,1,2,4,1,2,1,5,5,1,5,1,3,4,5,3,1,3,2,2,3,3,3,3,2,2
2021-11-18 18:08:45,2021-11-18 18:13:18,0,82.197.177.221,100,273,1,2021-11-18 18:13:19,R_2rDyRaj3JQdDlqy,,,,,47.3538055419921875,8.5587005615234375,anonymous,EN,lf2ksfvj,6,5,4,5,6,3,6,5,4,2,1,2,2,5,2,4,2,3,2,5,5,3,3,2,2,2,3,3,4,4,3,2
2021-11-23 02:39:18,2021-11-23 02:52:34,0,195.176.112.14,100,795,1,2021-11-23 02:52:34,R_2fEcKbTJmkSFrR2,,,,,47.3975982666015625,8.5442047119140625,anonymous,EN,sirvxnm9,7,4,5,3,7,1,6,2,6,1,2,3,3,7,2,4,2,4,2,1,6,3,3,4,3,3,4,3,3,4,3,2
2021-11-22 04:09:22,2021-11-25 04:31:12,0,89.206.112.13,100,260510,1,2021-11-25 04:31:12,R_YQztPKFsIOtdJDz,,,,,47.4095001220703125,8.5514068603515625,anonymous,EN,b7zruiq8,3,6,6,5,5,6,5,5,5,4,4,4,3,4,3,3,4,4,3,2,5,3,2,3,3,3,3,2,2,3,3,2
2021-11-25 07:36:56,2021-11-25 10:50:33,0,178.38.213.120,100,11617,1,2021-11-25 10:50:33,R_3qe3NPzFmgiclPI,,,,,47.3856964111328125,8.5348052978515625,anonymous,EN,dwr2z66y,5,1,6,1,6,2,6,1,6,2,1,4,2,6,2,6,2,6,2,2,6,3,3,3,3,3,3,3,3,3,3,2
2021-11-25 14:04:33,2021-11-25 14:08:02,0,77.109.143.173,100,209,1,2021-11-25 14:08:02,R_28BRMLX98ycJCcM,,,,,47.39520263671875,8.49249267578125,anonymous,EN,562djlxe,6,3,5,3,7,1,7,3,2,2,3,1,2,6,4,5,3,5,2,2,7,3,3,3,3,3,4,3,3,4,3,2
2021-11-28 11:06:01,2021-11-28 11:10:37,0,82.197.173.183,100,275,1,2021-11-28 11:10:37,R_02RNNOAUIawdrUt,,,,,47.4196929931640625,8.5139007568359375,anonymous,EN,gb1rq6vv,6,2,7,2,7,6,7,2,7,1,2,2,2,6,2,6,6,6,2,2,6,3,3,3,3,3,3,3,3,3,3,2
2021-11-29 15:34:30,2021-11-29 15:40:02,0,213.55.241.50,100,331,1,2021-11-29 15:40:02,R_3et9s35QgkPhbtv,,,,,47.3856964111328125,8.5348052978515625,anonymous,EN,3ugi6brf,5,5,6,6,5,3,6,3,3,4,3,3,2,3,4,3,4,2,5,5,5,3,2,3,3,3,3,2,2,3,3,2
2021-12-02 09:16:44,2021-12-02 09:20:28,0,213.55.241.215,100,223,1,2021-12-02 09:20:28,R_10NTthltGD2l4Yw,,,,,47.3856964111328125,8.5348052978515625,anonymous,EN,yrqcxbcs,2,5,7,6,5,6,6,1,6,4,3,4,3,6,2,5,4,4,3,3,6,3,2,4,3,3,3,2,3,3,3,2
2021-12-03 03:13:55,2021-12-03 03:16:33,0,213.55.241.215,100,157,1,2021-12-03 03:16:34,R_O11y5aZUH3qw3yF,,,,,47.3856964111328125,8.5348052978515625,anonymous,EN,33zfxs9w,7,2,5,3,6,1,7,1,5,1,2,1,1,7,2,6,1,6,1,1,7,4,3,3,3,3,4,4,3,4,4,1
2021-11-29 00:53:58,2021-11-29 00:54:01,0,213.55.241.50,13,2,0,2021-12-06 00:54:03,R_2wtoiW0vLuqwqZY,,,,,,,anonymous,EN,,,,,,,,,,,,,,,,,,,,,,,,,,,,,,,,,
2021-12-06 16:01:30,2021-12-06 16:04:08,0,82.197.178.254,100,158,1,2021-12-06 16:04:08,R_3OdePLrPHxNpvJa,,,,,47.4015960693359375,8.526092529296875,anonymous,EN,cnsowvkp,3,5,4,6,7,4,6,6,2,5,4,4,4,5,5,4,6,4,5,3,5,2,3,2,2,2,3,3,2,3,2,2
2021-12-07 02:03:14,2021-12-07 02:06:44,0,213.55.226.40,100,210,1,2021-12-07 02:06:44,R_eakSYzynMHbQIaB,,,,,47.3511962890625,8.5010986328125,anonymous,EN,pp3cegn4,5,2,4,5,6,5,6,2,5,3,3,2,2,6,2,4,2,4,4,2,6,4,3,3,4,3,4,3,4,4,4,2
2021-12-09 05:47:57,2021-12-09 05:59:02,0,217.92.159.107,100,665,1,2021-12-09 05:59:02,R_1gV1Ye4geLs608f,,,,,52.0861053466796875,6.9738006591796875,anonymous,EN,bzjot7o9,6,6,6,1,7,2,7,6,6,1,1,1,1,6,1,6,2,7,1,7,6,4,3,4,4,3,4,3,3,4,4,2
2021-12-09 01:14:18,2021-12-09 01:14:34,0,195.176.112.145,25,16,0,2021-12-16 01:14:34,R_12DbqWoxqpvq6bH,,,,,,,anonymous,EN,bt5xgmq9,,,,,,,,,,,,,,,,,,,,,,,,,,,,,,,,
2021-12-09 08:06:58,2021-12-09 08:18:41,0,195.176.112.215,13,702,0,2021-12-16 08:18:42,R_AyRA2r5QHPDF1Rf,,,,,,,anonymous,EN,,,,,,,,,,,,,,,,,,,,,,,,,,,,,,,,,
2021-12-20 02:52:54,2021-12-20 02:58:20,0,89.206.64.16,100,326,1,2021-12-20 02:58:20,R_AtgYDfcwAYtqPSh,,,,,47.3975982666015625,8.5442047119140625,anonymous,EN,nuikvj39,7,5,5,6,7,2,7,3,6,2,3,2,3,7,3,5,5,5,2,2,5,3,3,3,3,3,4,2,4,4,4,3
2021-12-20 02:54:53,2021-12-20 03:00:25,0,213.55.224.201,100,331,1,2021-12-20 03:00:25,R_1LLFxtydOxB75Cw,,,,,47.3856964111328125,8.5348052978515625,anonymous,EN,mud653ju,7,6,6,6,7,2,5,4,6,3,2,2,1,6,2,5,4,6,4,3,5,4,4,4,3,3,4,3,3,3,4,2
2021-12-20 06:46:13,2021-12-20 06:49:13,0,176.46.230.122,100,179,1,2021-12-20 06:49:13,R_3fcOSTeGj5g1kpb,,,,,46.1721954345703125,8.8184967041015625,anonymous,EN,okfgoduq,3,5,5,6,3,7,7,1,3,4,4,5,4,3,4,3,4,2,4,3,4,3,1,3,2,2,3,2,2,2,2,2
2021-12-22 00:32:42,2021-12-22 00:37:08,0,178.197.220.122,100,266,1,2021-12-22 00:37:09,R_2WPtdll7YcbM0JW,,,,,47.3101043701171875,8.5265960693359375,anonymous,EN,4wngoqeu,2,6,4,1,5,7,5,7,5,6,4,4,4,2,6,2,6,2,6,6,2,3,2,3,3,2,3,2,2,2,2,2
2021-12-22 06:01:14,2021-12-22 06:06:35,0,84.183.158.97,100,321,1,2021-12-22 06:06:35,R_eJmSDuBhUADm52x,,,,,51.5225982666015625,6.837799072265625,anonymous,EN,ywbclswo,6,2,2,1,7,5,6,6,6,2,3,2,1,6,3,6,2,5,2,1,6,3,3,3,4,3,3,3,3,3,3,2
2021-12-22 23:48:37,2021-12-22 23:51:47,0,194.230.147.29,100,188,1,2021-12-22 23:51:47,R_3G0sbCHpONHFxkv,,,,,47.05230712890625,7.63079833984375,anonymous,EN,z8sldv2o,2,7,5,7,4,6,5,6,2,4,4,4,5,3,3,2,6,2,4,5,3,3,2,2,1,1,3,1,2,3,1,2
2021-12-29 01:42:01,2021-12-29 01:44:45,0,194.230.148.92,100,163,1,2021-12-29 01:44:45,R_3HAHUVC3HJxfwxq,,,,,47.3661041259765625,8.5243072509765625,anonymous,EN,w8ixkxyc,5,6,6,4,7,6,7,5,6,1,2,2,2,5,4,6,3,4,2,2,6,4,3,3,3,3,4,3,3,3,3,2
2021-12-30 02:19:28,2021-12-30 02:22:17,0,213.55.225.17,100,169,1,2021-12-30 02:22:17,R_2Cy4IxkvxryBD51,,,,,47.380401611328125,8.54119873046875,anonymous,EN,hx4m2xav,6,6,4,3,2,3,5,2,5,4,2,2,3,5,4,5,4,4,3,3,5,3,3,4,3,3,4,3,3,3,3,2
2022-01-03 02:28:41,2022-01-03 02:32:17,0,82.197.173.237,100,216,1,2022-01-03 02:32:17,R_1nOckfTtsuTZPVE,,,,,47.4196929931640625,8.5139007568359375,anonymous,EN,bgzqflvg,4,1,6,2,7,5,7,3,5,1,1,2,2,6,2,3,2,5,1,2,6,4,2,3,4,4,4,3,4,3,3,2
2022-01-03 04:02:42,2022-01-03 04:06:57,0,89.206.64.1,100,254,1,2022-01-03 04:06:57,R_3OitU0aY3sCOA4e,,,,,47.3975982666015625,8.5442047119140625,anonymous,EN,7aqoq1l2,6,2,6,7,6,2,7,1,4,2,2,2,1,3,3,3,3,3,2,2,5,3,1,3,3,3,3,2,3,3,3,2
2022-01-04 02:27:35,2022-01-04 02:38:01,0,31.10.141.175,100,625,1,2022-01-04 02:38:01,R_3J2EiiIKT2xJqv8,,,,,47.4174957275390625,8.1609954833984375,anonymous,EN,towwxw8h,4,2,6,1,6,5,6,2,7,3,1,2,1,6,2,5,2,5,2,2,6,4,3,3,4,3,3,4,3,4,3,2
2022-01-04 04:02:11,2022-01-04 04:06:06,0,147.86.175.10,100,235,1,2022-01-04 04:06:07,R_3gS1NKzan1tdBwW,,,,,47.565399169921875,7.5706024169921875,anonymous,EN,ievpqx1m,5,7,6,6,5,2,2,3,2,2,2,3,2,6,3,6,3,2,2,2,6,4,3,3,4,4,4,2,3,3,4,2
2022-01-07 04:38:12,2022-01-07 07:04:11,0,85.0.14.149,100,8759,1,2022-01-07 07:04:11,R_3NBUdWtDBhOZMOk,,,,,47.2371063232421875,8.834503173828125,anonymous,EN,i7j1gkdu,5,4,3,6,3,7,5,3,5,3,4,2,5,5,3,5,4,3,3,5,5,3,3,2,1,2,2,1,2,2,1,2
2022-01-08 12:54:37,2022-01-08 13:03:30,0,144.200.0.158,100,532,1,2022-01-08 13:03:30,R_3gZAEnayZXvFkH1,,,,,47.380401611328125,8.54119873046875,anonymous,EN,dss5qnxz,2,2,1,2,3,2,1,3,2,4,2,2,4,5,4,6,4,5,2,2,6,3,3,2,1,2,2,1,2,2,3,2
2022-01-11 04:23:30,2022-01-11 04:30:52,0,193.25.102.104,100,442,1,2022-01-11 04:30:53,R_uhayB0ZLrXc0fvj,,,,,47.502593994140625,9.253204345703125,anonymous,EN,mfujb1ip,3,6,5,6,5,6,6,3,2,2,3,4,3,6,2,5,2,4,3,3,5,3,2,1,2,2,2,2,3,2,2,2
2022-01-05 04:40:46,2022-01-05 04:45:47,0,213.55.226.47,88,301,0,2022-01-12 04:45:55,R_2TZQKacCwNEwrwY,,,,,,,anonymous,EN,le7wqwtw,2,6,6,2,6,3,5,3,6,2,2,3,1,6,4,4,4,4,2,2,6,3,2,3,3,3,3,3,3,3,3,1
2022-01-13 07:15:35,2022-01-13 07:17:59,0,89.217.7.157,100,143,1,2022-01-13 07:17:59,R_1F38P4xmjt9oyXm,,,,,47.32550048828125,8.809600830078125,anonymous,EN,mznxypal,2,3,4,2,5,5,7,1,5,6,2,1,1,5,3,6,3,5,3,2,5,3,3,3,3,3,3,2,3,3,2,2
2022-01-17 08:43:22,2022-01-17 08:52:58,0,89.206.64.14,100,575,1,2022-01-17 08:52:58,R_1Le98LYSSmxOOw8,,,,,47.3856964111328125,8.5348052978515625,anonymous,EN,1nh28lxp,3,3,6,2,6,6,6,2,6,5,1,2,2,6,3,6,5,5,5,5,6,3,2,3,3,3,3,3,3,2,2,3
2022-01-19 02:31:11,2022-01-19 02:35:59,0,194.230.148.163,100,287,1,2022-01-19 02:35:59,R_RC6Fr7Am6bmfFUR,,,,,47.3856964111328125,8.5348052978515625,anonymous,EN,o132lsdd,5,2,7,4,7,5,6,1,6,4,4,3,4,5,2,2,2,3,2,1,6,3,2,4,3,3,4,2,2,3,3,2
2022-01-19 06:52:39,2022-01-19 06:55:36,0,192.41.132.212,100,177,1,2022-01-19 06:55:36,R_PIJX2xDsxJMKLex,,,,,47.3856964111328125,8.5348052978515625,anonymous,EN,1f59s5uf,3,5,6,3,6,5,5,2,5,2,1,2,1,7,1,7,1,6,1,1,7,3,3,4,4,4,4,4,3,4,4,2
2022-01-12 08:52:20,2022-01-12 08:52:37,0,144.200.0.158,13,17,0,2022-01-19 08:52:42,R_VKXMPsH9nIuy1Vf,,,,,,,anonymous,EN,,,,,,,,,,,,,,,,,,,,,,,,,,,,,,,,,
2022-01-20 02:22:01,2022-01-20 02:26:35,0,85.3.42.136,100,273,1,2022-01-20 02:26:35,R_3Ej9CS9vBXog2zM,,,,,47.3883056640625,9.279205322265625,anonymous,EN,xrgrfb4t,5,6,3,4,4,4,5,5,3,2,2,2,1,7,6,6,3,6,2,3,6,2,4,3,3,3,2,4,3,3,4,2
2022-01-21 04:01:53,2022-01-21 04:06:14,0,109.164.215.134,100,261,1,2022-01-21 04:06:15,R_vkmwutTxFHvEQLL,,,,,46.206695556640625,6.1580963134765625,anonymous,EN,yu359a5v,6,5,4,2,6,4,6,3,6,2,1,1,1,5,5,5,4,5,2,1,5,3,3,4,3,4,3,4,4,4,3,2
2022-01-24 03:43:11,2022-01-24 03:47:28,0,188.155.128.217,100,256,1,2022-01-24 03:47:28,R_3lEQQXhmoTjBW1T,,,,,47.3675994873046875,8.636199951171875,anonymous,EN,sq3hr6u4,6,5,6,6,5,7,6,2,4,2,3,4,2,6,3,2,3,2,2,2,3,3,2,3,2,2,3,2,3,2,2,2
2022-01-25 01:48:37,2022-01-25 01:52:39,0,83.76.31.86,100,242,1,2022-01-25 01:52:39,R_8HpsmjFlFcEDSgN,,,,,47.42340087890625,9.369598388671875,anonymous,EN,1u7uae5q,2,5,6,2,6,2,6,2,5,2,1,1,2,7,6,6,3,6,2,2,6,3,3,2,3,3,4,3,3,4,3,2
2022-01-25 08:11:39,2022-01-25 08:15:52,0,62.202.182.42,100,253,1,2022-01-25 08:15:53,R_3h3LDLMFllxqMX3,,,,,47.42999267578125,8.5717926025390625,anonymous,EN,uixcvxz6,7,2,7,1,7,6,6,4,6,1,1,5,2,7,2,4,2,6,2,1,7,4,3,4,4,4,4,4,4,4,4,2
2022-01-25 11:36:49,2022-01-25 11:40:33,0,31.165.196.138,100,223,1,2022-01-25 11:40:33,R_cZv3o8nPDXb3F5v,,,,,47.380401611328125,8.54119873046875,anonymous,EN,htwbvmbr,3,5,5,2,4,6,6,1,4,3,2,2,2,4,4,5,4,3,4,3,5,4,2,4,3,3,4,3,3,3,3,2
2022-01-27 01:26:49,2022-01-27 01:49:39,0,188.155.22.42,100,1370,1,2022-01-27 01:49:39,R_UKIRP2KifHNNltL,,,,,47.3661041259765625,8.5243072509765625,anonymous,EN,ehfgbwjs,2,5,6,5,5,7,7,3,2,2,4,5,5,3,5,1,5,3,5,5,3,3,1,3,2,2,3,2,2,2,2,2
2022-01-21 04:01:46,2022-01-21 08:00:31,0,109.164.215.134,13,14324,0,2022-01-28 08:00:34,R_3k7FgPSjbSDfHK4,,,,,,,anonymous,EN,,,,,,,,,,,,,,,,,,,,,,,,,,,,,,,,,
2022-01-31 02:26:32,2022-01-31 02:31:29,0,92.104.208.97,100,296,1,2022-01-31 02:31:29,R_25FNEVhASOdElly,,,,,47.390594482421875,8.03729248046875,anonymous,EN,rsper45j,4,5,7,1,4,2,6,1,6,3,3,2,4,7,2,6,2,4,2,1,7,4,3,4,3,3,4,4,4,4,4,2
2022-02-02 02:26:11,2022-02-02 02:37:09,0,85.1.129.110,100,657,1,2022-02-02 02:37:09,R_0j1X9rGf4jdt41r,,,,,47.425506591796875,8.6909027099609375,anonymous,EN,twoh8cde,6,1,6,2,7,1,6,2,6,1,1,1,2,6,2,4,2,5,1,1,6,3,2,3,3,3,4,3,2,3,3,2
2022-02-02 06:13:28,2022-02-02 06:16:42,0,213.55.226.128,100,193,1,2022-02-02 06:16:42,R_rdujSmdd7GHGZgZ,,,,,47.3661041259765625,8.5243072509765625,anonymous,EN,vub7zzc5,3,5,5,6,6,6,7,5,5,3,5,3,4,3,6,2,5,2,5,6,5,2,1,2,2,3,2,3,3,3,3,2
2022-02-02 06:28:30,2022-02-02 06:36:09,0,31.10.147.62,100,459,1,2022-02-02 06:36:10,R_2BmTjT6mVV47C0o,,,,,47.2964019775390625,8.57000732421875,anonymous,EN,mpbgxl6e,4,5,6,5,6,5,6,4,5,2,5,5,5,5,4,5,4,5,4,3,5,3,3,3,3,3,3,3,3,3,3,2
2022-02-02 06:44:57,2022-02-02 06:52:26,0,185.147.10.184,100,448,1,2022-02-02 06:52:26,R_3ey8z4OJkZT4wnH,,,,,47.3712005615234375,8.4788970947265625,anonymous,EN,952rgneb,5,1,5,1,5,2,6,1,6,3,1,2,4,6,3,4,2,5,1,2,5,3,2,3,3,3,3,3,3,3,2,2
2022-02-02 06:59:17,2022-02-02 07:04:48,0,194.230.144.197,100,330,1,2022-02-02 07:04:48,R_27Ew0ZLxJvO6iYE,,,,,47.4662933349609375,8.34710693359375,anonymous,EN,sy9koq13,6,5,6,7,5,5,4,1,5,2,2,2,4,7,1,5,5,5,1,3,5,4,4,4,4,4,4,4,4,4,4,2
2022-02-02 08:06:58,2022-02-02 08:54:02,0,213.55.225.86,100,2823,1,2022-02-02 08:54:02,R_2CPRDSPwQsd7jVO,,,,,47.4243011474609375,8.5402984619140625,anonymous,EN,kklqwa4t,6,2,5,2,6,1,6,3,5,1,1,1,2,6,1,2,2,4,2,1,7,3,2,4,3,4,4,3,4,4,4,2
2022-01-26 14:16:25,2022-01-26 14:16:29,0,84.254.104.111,13,3,0,2022-02-02 14:16:30,R_a2z4CkJevsd1Xah,,,,,,,anonymous,EN,,,,,,,,,,,,,,,,,,,,,,,,,,,,,,,,,
2022-02-03 07:58:49,2022-02-03 08:05:19,0,144.200.17.42,100,389,1,2022-02-03 08:05:19,R_10ASX4EvgzZO75u,,,,,47.368194580078125,8.5670928955078125,anonymous,EN,gmbslgh6,6,5,6,2,5,2,5,3,4,3,2,2,2,2,2,1,1,5,1,1,7,3,3,4,4,3,4,4,3,4,3,2
2022-02-07 05:37:19,2022-02-07 05:41:45,0,195.226.175.134,100,266,1,2022-02-07 05:41:45,R_1f1PRFFuKAuEOlV,,,,,51.2993011474609375,9.490997314453125,anonymous,EN,eh6cibpa,2,2,4,1,4,7,3,2,4,2,3,4,3,6,1,6,2,4,1,2,3,3,2,2,2,2,3,2,3,2,2,1
2022-02-07 10:14:06,2022-02-07 10:18:25,0,144.200.0.154,100,259,1,2022-02-07 10:18:26,R_3qxrpERwXWDXSYu,,,,,47.380401611328125,8.54119873046875,anonymous,EN,q6d1ztgu,5,6,5,2,5,4,3,3,6,6,1,1,1,6,2,6,2,5,2,2,5,4,3,3,4,4,4,4,4,4,3,2
2022-02-10 16:53:35,2022-02-10 16:57:31,0,85.195.244.7,100,236,1,2022-02-10 16:57:31,R_31MZg5jkWl1Vt8q,,,,,47.3538055419921875,8.5587005615234375,anonymous,EN,gdkpd9lk,6,2,5,5,7,6,7,5,3,2,4,3,2,5,2,4,3,5,3,2,6,3,3,4,3,2,3,2,2,3,3,2
2022-02-11 02:15:22,2022-02-11 02:19:21,0,81.6.40.224,100,238,1,2022-02-11 02:19:21,R_33qYx09d9rFzUev,,,,,47.3643035888671875,8.543701171875,anonymous,EN,kbr1wdc2,6,6,6,5,3,2,4,2,4,3,3,2,1,6,2,6,6,4,2,2,6,3,3,3,2,3,3,3,3,2,3,2
2022-02-12 03:18:20,2022-02-12 03:22:23,0,31.164.136.207,100,242,1,2022-02-12 03:22:23,R_SN3jzZLI6P1Nuyl,,,,,47.565399169921875,7.5706024169921875,anonymous,EN,vszy2kyt,3,3,5,4,6,6,6,2,6,2,2,3,2,6,3,6,3,4,2,2,6,3,3,3,3,3,4,3,3,3,4,2
2022-02-12 05:41:52,2022-02-12 05:44:07,0,93.34.95.100,100,135,1,2022-02-12 05:44:07,R_2riH5qils0HcgK7,,,,,41.8903961181640625,12.512603759765625,anonymous,EN,9fdngrl8,6,5,6,6,6,3,5,2,5,4,1,2,3,7,1,4,3,4,2,3,5,3,3,2,3,3,4,3,3,3,2,2
2022-02-12 13:25:53,2022-02-12 13:29:24,0,176.127.98.170,100,211,1,2022-02-12 13:29:24,R_25AqTE7prNYemM9,,,,,47.3784027099609375,8.4167022705078125,anonymous,EN,62zbcd28,3,2,7,6,7,6,7,1,6,3,2,3,1,7,2,4,2,4,2,1,6,3,3,3,3,2,3,2,2,3,3,2
2022-02-15 11:05:32,2022-02-15 11:17:50,0,213.55.226.62,100,737,1,2022-02-15 11:17:50,R_12SinMhsuhC2hKY,,,,,47.3939971923828125,8.44500732421875,anonymous,EN,u2mhd2hn,3,1,3,2,3,5,6,1,6,2,1,2,1,6,2,5,1,5,2,1,7,3,2,4,3,3,4,4,3,4,3,2
2022-02-16 02:03:16,2022-02-16 02:08:26,0,194.230.148.55,100,310,1,2022-02-16 02:08:26,R_2uTHffrC1TMgbw8,,,,,47.3603973388671875,8.5388031005859375,anonymous,EN,ezdewlw1,3,2,6,3,5,5,6,2,7,2,4,3,2,6,2,5,1,5,4,2,6,3,3,4,3,3,4,3,2,3,2,1
2022-02-14 03:33:04,2022-02-14 03:33:11,0,31.165.216.66,25,6,0,2022-02-21 04:18:19,R_bl2ugqgv18uWAxj,,,,,,,anonymous,EN,sd3lk1ab,,,,,,,,,,,,,,,,,,,,,,,,,,,,,,,,
2022-02-15 10:38:41,2022-02-15 10:42:25,0,86.242.16.42,13,223,0,2022-02-22 10:42:31,R_3hxUIcyzZDa4oFX,,,,,,,anonymous,EN,,,,,,,,,,,,,,,,,,,,,,,,,,,,,,,,,
2022-02-17 05:31:11,2022-02-18 13:06:46,0,31.164.78.154,13,113734,0,2022-02-25 13:06:46,R_2qwuUjPrSsnDEeo,,,,,,,anonymous,EN,,,,,,,,,,,,,,,,,,,,,,,,,,,,,,,,,
